id,modified,basisOfRecord,occurrenceID,individualCount,sex,lifeStage,eventID,taxonID,scientificName,kingdom,phylum,class,order,genus,specificEpithet
30CEF04C-0772-4959-A5D8-022EDD75A0E9,2019-08-08T12:37:21Z,HumanObservation,9BE80BEC-D460-4D58-B06C-6FBEA314A6F8,1,Male,Adult,30CEF04C-0772-4959-A5D8-022EDD75A0E9,https://www.gbif.org/species/2473421,Lagopus lagopus,Animalia,Chordata,Aves,Galliformes,Lagopus,lagopus
30CEF04C-0772-4959-A5D8-022EDD75A0E9,2019-08-08T12:37:21Z,HumanObservation,0F699F9B-E73E-4521-A906-16DD76BD04BE,1,Female,Adult,30CEF04C-0772-4959-A5D8-022EDD75A0E9,https://www.gbif.org/species/2473421,Lagopus lagopus,Animalia,Chordata,Aves,Galliformes,Lagopus,lagopus
30CEF04C-0772-4959-A5D8-022EDD75A0E9,2019-08-08T12:37:21Z,HumanObservation,DDB4EA77-A675-4108-82C3-F86C49200B66,8,unknown,Juvenile,30CEF04C-0772-4959-A5D8-022EDD75A0E9,https://www.gbif.org/species/2473421,Lagopus lagopus,Animalia,Chordata,Aves,Galliformes,Lagopus,lagopus
8B4895DA-57F7-401A-BD31-03486F5ADA5B,2019-08-08T12:37:21Z,HumanObservation,37DADFA3-B289-4897-A2AE-7952E4F8E928,1,Male,Adult,8B4895DA-57F7-401A-BD31-03486F5ADA5B,https://www.gbif.org/species/2473421,Lagopus lagopus,Animalia,Chordata,Aves,Galliformes,Lagopus,lagopus
8B4895DA-57F7-401A-BD31-03486F5ADA5B,2019-08-08T12:37:21Z,HumanObservation,B98E335A-3A59-45B9-9D12-3BE95EBBBAEA,1,Female,Adult,8B4895DA-57F7-401A-BD31-03486F5ADA5B,https://www.gbif.org/species/2473421,Lagopus lagopus,Animalia,Chordata,Aves,Galliformes,Lagopus,lagopus
8B4895DA-57F7-401A-BD31-03486F5ADA5B,2019-08-08T12:37:21Z,HumanObservation,396590F6-EA2C-447D-81F5-445F37E01869,6,unknown,Juvenile,8B4895DA-57F7-401A-BD31-03486F5ADA5B,https://www.gbif.org/species/2473421,Lagopus lagopus,Animalia,Chordata,Aves,Galliformes,Lagopus,lagopus
7E9E90CC-5EA9-43DF-815B-0444397CCE2C,2018-01-31T14:51:34Z,HumanObservation,F703525F-8146-416C-B292-23EEEB1EA884,1,Male,Adult,7E9E90CC-5EA9-43DF-815B-0444397CCE2C,https://www.gbif.org/species/2473421,Lagopus lagopus,Animalia,Chordata,Aves,Galliformes,Lagopus,lagopus
7E9E90CC-5EA9-43DF-815B-0444397CCE2C,2018-01-31T14:51:34Z,HumanObservation,1901F892-852D-42C4-A663-11EC7CC69B43,1,Female,Adult,7E9E90CC-5EA9-43DF-815B-0444397CCE2C,https://www.gbif.org/species/2473421,Lagopus lagopus,Animalia,Chordata,Aves,Galliformes,Lagopus,lagopus
7E9E90CC-5EA9-43DF-815B-0444397CCE2C,2018-02-12T11:43:00Z,HumanObservation,16D5BB1F-A05D-4BC1-91F7-307BC73A1D99,7,unknown,Juvenile,7E9E90CC-5EA9-43DF-815B-0444397CCE2C,https://www.gbif.org/species/2473421,Lagopus lagopus,Animalia,Chordata,Aves,Galliformes,Lagopus,lagopus
281EEACD-9508-4F0F-B5A3-0552C90051FA,2019-08-08T12:37:21Z,HumanObservation,ACF03CB9-FA9A-4F81-A340-2A6D9025E031,1,Female,Adult,281EEACD-9508-4F0F-B5A3-0552C90051FA,https://www.gbif.org/species/2473421,Lagopus lagopus,Animalia,Chordata,Aves,Galliformes,Lagopus,lagopus
F90885D2-E0CD-44B5-8660-062CCC8F67D5,2019-08-08T12:37:21Z,HumanObservation,98287E50-F81F-4ECC-B4A2-38A2F0C912BC,1,Male,Adult,F90885D2-E0CD-44B5-8660-062CCC8F67D5,https://www.gbif.org/species/2473421,Lagopus lagopus,Animalia,Chordata,Aves,Galliformes,Lagopus,lagopus
F90885D2-E0CD-44B5-8660-062CCC8F67D5,2019-08-08T12:37:21Z,HumanObservation,6FBF744E-C3A2-4DC7-B620-3938D43ABED7,1,Female,Adult,F90885D2-E0CD-44B5-8660-062CCC8F67D5,https://www.gbif.org/species/2473421,Lagopus lagopus,Animalia,Chordata,Aves,Galliformes,Lagopus,lagopus
F90885D2-E0CD-44B5-8660-062CCC8F67D5,2019-08-08T12:37:21Z,HumanObservation,1014D010-7B0F-4657-8CAA-5D2F9832A8B4,7,unknown,Juvenile,F90885D2-E0CD-44B5-8660-062CCC8F67D5,https://www.gbif.org/species/2473421,Lagopus lagopus,Animalia,Chordata,Aves,Galliformes,Lagopus,lagopus
FD6700FB-00CC-4D1A-9C93-0BBA3B807F9C,2019-08-08T12:37:21Z,HumanObservation,4B3288E3-873F-47A8-AD03-E2B150A21E5B,1,Male,Adult,FD6700FB-00CC-4D1A-9C93-0BBA3B807F9C,https://www.gbif.org/species/2473421,Lagopus lagopus,Animalia,Chordata,Aves,Galliformes,Lagopus,lagopus
FD6700FB-00CC-4D1A-9C93-0BBA3B807F9C,2019-08-08T12:37:21Z,HumanObservation,94604CF7-7465-4822-AC12-CE7CEE468838,1,Female,Adult,FD6700FB-00CC-4D1A-9C93-0BBA3B807F9C,https://www.gbif.org/species/2473421,Lagopus lagopus,Animalia,Chordata,Aves,Galliformes,Lagopus,lagopus
FD6700FB-00CC-4D1A-9C93-0BBA3B807F9C,2019-08-08T12:37:21Z,HumanObservation,02692EFF-97B2-4B3E-97DC-A6ABE883B16D,4,unknown,Juvenile,FD6700FB-00CC-4D1A-9C93-0BBA3B807F9C,https://www.gbif.org/species/2473421,Lagopus lagopus,Animalia,Chordata,Aves,Galliformes,Lagopus,lagopus
15D2A373-1B9B-4719-A2F5-0EF9BB76D583,2018-01-31T14:51:34Z,HumanObservation,C6318C52-EF1E-42DA-B390-5329C4C51426,1,Male,Adult,15D2A373-1B9B-4719-A2F5-0EF9BB76D583,https://www.gbif.org/species/2473421,Lagopus lagopus,Animalia,Chordata,Aves,Galliformes,Lagopus,lagopus
15D2A373-1B9B-4719-A2F5-0EF9BB76D583,2018-01-31T14:51:34Z,HumanObservation,02447C23-08E6-4F5B-9403-E12E034D8394,1,Female,Adult,15D2A373-1B9B-4719-A2F5-0EF9BB76D583,https://www.gbif.org/species/2473421,Lagopus lagopus,Animalia,Chordata,Aves,Galliformes,Lagopus,lagopus
15D2A373-1B9B-4719-A2F5-0EF9BB76D583,2018-02-12T11:43:00Z,HumanObservation,2D6D347F-9CA3-4466-B050-FA47914CA9BA,7,unknown,Juvenile,15D2A373-1B9B-4719-A2F5-0EF9BB76D583,https://www.gbif.org/species/2473421,Lagopus lagopus,Animalia,Chordata,Aves,Galliformes,Lagopus,lagopus
B5F25277-811A-45BF-A478-0F4CBF14F2AF,2019-08-08T12:37:21Z,HumanObservation,E786473D-59F3-49D1-9A04-0DD29554A593,1,Female,Adult,B5F25277-811A-45BF-A478-0F4CBF14F2AF,https://www.gbif.org/species/2473421,Lagopus lagopus,Animalia,Chordata,Aves,Galliformes,Lagopus,lagopus
11C82E72-730C-4523-A227-10268CB32AF2,2019-08-08T12:37:21Z,HumanObservation,F74DDCAD-FE36-478D-B669-94052A305F5A,1,Male,Adult,11C82E72-730C-4523-A227-10268CB32AF2,https://www.gbif.org/species/2473421,Lagopus lagopus,Animalia,Chordata,Aves,Galliformes,Lagopus,lagopus
11C82E72-730C-4523-A227-10268CB32AF2,2019-08-08T12:37:21Z,HumanObservation,BAF795A6-65FF-40AB-AE21-A7D25DB012B1,1,Female,Adult,11C82E72-730C-4523-A227-10268CB32AF2,https://www.gbif.org/species/2473421,Lagopus lagopus,Animalia,Chordata,Aves,Galliformes,Lagopus,lagopus
11C82E72-730C-4523-A227-10268CB32AF2,2019-08-08T12:37:21Z,HumanObservation,0D555B18-7738-4C87-B2A3-50F474DDA49A,7,unknown,Juvenile,11C82E72-730C-4523-A227-10268CB32AF2,https://www.gbif.org/species/2473421,Lagopus lagopus,Animalia,Chordata,Aves,Galliformes,Lagopus,lagopus
9A138638-3C0B-4C15-9701-122717157690,2018-01-31T14:51:34Z,HumanObservation,4D503A81-7A8C-4A9F-B73B-23B5E9D8DAC3,1,Female,Adult,9A138638-3C0B-4C15-9701-122717157690,https://www.gbif.org/species/2473421,Lagopus lagopus,Animalia,Chordata,Aves,Galliformes,Lagopus,lagopus
9A138638-3C0B-4C15-9701-122717157690,2018-02-12T11:43:00Z,HumanObservation,2D352505-534E-49F3-9B76-60925F37D56C,7,unknown,Juvenile,9A138638-3C0B-4C15-9701-122717157690,https://www.gbif.org/species/2473421,Lagopus lagopus,Animalia,Chordata,Aves,Galliformes,Lagopus,lagopus
7CA30CCE-F105-4E31-AA7F-135AA2574E59,2019-08-08T12:37:21Z,HumanObservation,D69EB93D-F588-4A91-8D1C-E497FF9DC2A1,1,Female,Adult,7CA30CCE-F105-4E31-AA7F-135AA2574E59,https://www.gbif.org/species/2473421,Lagopus lagopus,Animalia,Chordata,Aves,Galliformes,Lagopus,lagopus
7CA30CCE-F105-4E31-AA7F-135AA2574E59,2019-08-08T12:37:21Z,HumanObservation,6A80A4D9-15D5-4A39-BD5A-B05DE46604CB,4,unknown,Juvenile,7CA30CCE-F105-4E31-AA7F-135AA2574E59,https://www.gbif.org/species/2473421,Lagopus lagopus,Animalia,Chordata,Aves,Galliformes,Lagopus,lagopus
2B133FBD-6392-4F23-BCAD-1B937592CBE8,2019-08-08T12:37:21Z,HumanObservation,27ECB48C-8AE2-47C0-A9F6-59B4A1D56696,1,Male,Adult,2B133FBD-6392-4F23-BCAD-1B937592CBE8,https://www.gbif.org/species/2473421,Lagopus lagopus,Animalia,Chordata,Aves,Galliformes,Lagopus,lagopus
2B133FBD-6392-4F23-BCAD-1B937592CBE8,2019-08-08T12:37:21Z,HumanObservation,EEC72E59-D503-4759-A8E8-2FB596FDCE6B,1,Female,Adult,2B133FBD-6392-4F23-BCAD-1B937592CBE8,https://www.gbif.org/species/2473421,Lagopus lagopus,Animalia,Chordata,Aves,Galliformes,Lagopus,lagopus
2B133FBD-6392-4F23-BCAD-1B937592CBE8,2019-08-08T12:37:21Z,HumanObservation,6A71CB5F-6C9E-4007-8C84-19F53CA07FC8,4,unknown,Juvenile,2B133FBD-6392-4F23-BCAD-1B937592CBE8,https://www.gbif.org/species/2473421,Lagopus lagopus,Animalia,Chordata,Aves,Galliformes,Lagopus,lagopus
81E63CFD-CB2A-4C57-A5B7-1E1BB70EE9C3,2018-01-31T14:51:34Z,HumanObservation,800E3E1C-3593-4476-B4D4-44BCAF69C047,1,Male,Adult,81E63CFD-CB2A-4C57-A5B7-1E1BB70EE9C3,https://www.gbif.org/species/2473421,Lagopus lagopus,Animalia,Chordata,Aves,Galliformes,Lagopus,lagopus
81E63CFD-CB2A-4C57-A5B7-1E1BB70EE9C3,2018-01-31T14:51:34Z,HumanObservation,9FC1260B-4CFD-4DE7-83D2-99EC77B85188,1,Female,Adult,81E63CFD-CB2A-4C57-A5B7-1E1BB70EE9C3,https://www.gbif.org/species/2473421,Lagopus lagopus,Animalia,Chordata,Aves,Galliformes,Lagopus,lagopus
81E63CFD-CB2A-4C57-A5B7-1E1BB70EE9C3,2018-02-12T11:43:00Z,HumanObservation,1FD42328-7038-4482-92AC-419ACA79A136,2,unknown,Juvenile,81E63CFD-CB2A-4C57-A5B7-1E1BB70EE9C3,https://www.gbif.org/species/2473421,Lagopus lagopus,Animalia,Chordata,Aves,Galliformes,Lagopus,lagopus
63948AB8-6604-4181-8482-1EF0FA0D1716,2018-01-31T14:51:34Z,HumanObservation,6C8A62DA-A811-4C9B-B971-06472CAA2330,1,Male,Adult,63948AB8-6604-4181-8482-1EF0FA0D1716,https://www.gbif.org/species/2473421,Lagopus lagopus,Animalia,Chordata,Aves,Galliformes,Lagopus,lagopus
63948AB8-6604-4181-8482-1EF0FA0D1716,2018-01-31T14:51:34Z,HumanObservation,3642896D-DCFE-4FE6-9031-F3D0A341028C,1,Female,Adult,63948AB8-6604-4181-8482-1EF0FA0D1716,https://www.gbif.org/species/2473421,Lagopus lagopus,Animalia,Chordata,Aves,Galliformes,Lagopus,lagopus
63948AB8-6604-4181-8482-1EF0FA0D1716,2018-02-12T11:43:00Z,HumanObservation,529CBA4C-B73F-4CF3-9909-3F491A85BD9D,8,unknown,Juvenile,63948AB8-6604-4181-8482-1EF0FA0D1716,https://www.gbif.org/species/2473421,Lagopus lagopus,Animalia,Chordata,Aves,Galliformes,Lagopus,lagopus
5495E0B9-689D-4D5D-889C-2046D2A2083E,2019-08-08T12:37:21Z,HumanObservation,AFFD2433-A04B-422E-83DE-ED998A06976D,1,Male,Adult,5495E0B9-689D-4D5D-889C-2046D2A2083E,https://www.gbif.org/species/2473421,Lagopus lagopus,Animalia,Chordata,Aves,Galliformes,Lagopus,lagopus
5495E0B9-689D-4D5D-889C-2046D2A2083E,2019-08-08T12:37:21Z,HumanObservation,25212C5D-3A57-4D01-8EB6-528AA7ECC354,1,Female,Adult,5495E0B9-689D-4D5D-889C-2046D2A2083E,https://www.gbif.org/species/2473421,Lagopus lagopus,Animalia,Chordata,Aves,Galliformes,Lagopus,lagopus
5495E0B9-689D-4D5D-889C-2046D2A2083E,2019-08-08T12:37:21Z,HumanObservation,C02EF449-1752-4137-B4C3-F5375AA9B473,1,unknown,Juvenile,5495E0B9-689D-4D5D-889C-2046D2A2083E,https://www.gbif.org/species/2473421,Lagopus lagopus,Animalia,Chordata,Aves,Galliformes,Lagopus,lagopus
F7973E36-C7B9-408C-8056-22E5BC056076,2019-08-08T12:37:21Z,HumanObservation,F2F5A460-EE47-4014-B908-CDAD03918CBD,1,Male,Adult,F7973E36-C7B9-408C-8056-22E5BC056076,https://www.gbif.org/species/2473421,Lagopus lagopus,Animalia,Chordata,Aves,Galliformes,Lagopus,lagopus
F7973E36-C7B9-408C-8056-22E5BC056076,2019-08-08T12:37:21Z,HumanObservation,6A46C939-2BC1-4298-8899-8AACD462A2F8,1,Female,Adult,F7973E36-C7B9-408C-8056-22E5BC056076,https://www.gbif.org/species/2473421,Lagopus lagopus,Animalia,Chordata,Aves,Galliformes,Lagopus,lagopus
F7973E36-C7B9-408C-8056-22E5BC056076,2019-08-08T12:37:21Z,HumanObservation,0FF476F4-CA6B-4815-9B0C-CDADC6553243,10,unknown,Juvenile,F7973E36-C7B9-408C-8056-22E5BC056076,https://www.gbif.org/species/2473421,Lagopus lagopus,Animalia,Chordata,Aves,Galliformes,Lagopus,lagopus
77BBF9B5-5629-4340-8969-23C2480EE251,2018-01-31T14:51:34Z,HumanObservation,EE667BE9-75EF-42D6-AE6C-F8C17A0A7E7F,1,Male,Adult,77BBF9B5-5629-4340-8969-23C2480EE251,https://www.gbif.org/species/2473421,Lagopus lagopus,Animalia,Chordata,Aves,Galliformes,Lagopus,lagopus
28C58171-2749-4BDE-AE6D-23D1464DE741,2019-08-08T12:37:21Z,HumanObservation,50C4D455-1EB7-451C-8606-BB2482FD61D4,1,Male,Adult,28C58171-2749-4BDE-AE6D-23D1464DE741,https://www.gbif.org/species/2473421,Lagopus lagopus,Animalia,Chordata,Aves,Galliformes,Lagopus,lagopus
7D768948-97C2-4FE6-9204-255D4937DD80,2019-08-08T12:37:21Z,HumanObservation,0322BF77-323E-4CCE-BE2F-6B1FCCFE34A8,1,Male,Adult,7D768948-97C2-4FE6-9204-255D4937DD80,https://www.gbif.org/species/2473421,Lagopus lagopus,Animalia,Chordata,Aves,Galliformes,Lagopus,lagopus
7D768948-97C2-4FE6-9204-255D4937DD80,2019-08-08T12:37:21Z,HumanObservation,171045E3-D689-4284-A658-5381BD55F3E3,1,Female,Adult,7D768948-97C2-4FE6-9204-255D4937DD80,https://www.gbif.org/species/2473421,Lagopus lagopus,Animalia,Chordata,Aves,Galliformes,Lagopus,lagopus
7D768948-97C2-4FE6-9204-255D4937DD80,2019-08-08T12:37:21Z,HumanObservation,4CF03220-9193-484B-9E1E-288204959BD7,7,unknown,Juvenile,7D768948-97C2-4FE6-9204-255D4937DD80,https://www.gbif.org/species/2473421,Lagopus lagopus,Animalia,Chordata,Aves,Galliformes,Lagopus,lagopus
96C8BB90-6ED5-4847-B3AD-26113611762C,2018-01-31T14:51:34Z,HumanObservation,AB807221-4600-4B05-8303-AF9FB2ED8593,1,Female,Adult,96C8BB90-6ED5-4847-B3AD-26113611762C,https://www.gbif.org/species/2473421,Lagopus lagopus,Animalia,Chordata,Aves,Galliformes,Lagopus,lagopus
96C8BB90-6ED5-4847-B3AD-26113611762C,2018-02-12T11:43:00Z,HumanObservation,6F9E1FAE-70D8-46F3-97B7-42614C1AD18E,4,unknown,Juvenile,96C8BB90-6ED5-4847-B3AD-26113611762C,https://www.gbif.org/species/2473421,Lagopus lagopus,Animalia,Chordata,Aves,Galliformes,Lagopus,lagopus
2F7579D2-40B9-4A45-8C7D-263B9577EA3B,2018-01-31T14:51:34Z,HumanObservation,A45D6588-EFB7-4100-B7AE-3F61F1BEF844,1,Male,Adult,2F7579D2-40B9-4A45-8C7D-263B9577EA3B,https://www.gbif.org/species/2473421,Lagopus lagopus,Animalia,Chordata,Aves,Galliformes,Lagopus,lagopus
2F7579D2-40B9-4A45-8C7D-263B9577EA3B,2018-02-12T11:43:00Z,HumanObservation,67924CC7-2905-44D5-96C6-90A442F13065,7,unknown,Juvenile,2F7579D2-40B9-4A45-8C7D-263B9577EA3B,https://www.gbif.org/species/2473421,Lagopus lagopus,Animalia,Chordata,Aves,Galliformes,Lagopus,lagopus
694AF654-0E55-4A02-A45D-2900806C02D6,2019-08-08T12:37:21Z,HumanObservation,1A46F4A5-C0CF-49B3-AD74-67115A590D5C,1,Male,Adult,694AF654-0E55-4A02-A45D-2900806C02D6,https://www.gbif.org/species/2473421,Lagopus lagopus,Animalia,Chordata,Aves,Galliformes,Lagopus,lagopus
694AF654-0E55-4A02-A45D-2900806C02D6,2019-08-08T12:37:21Z,HumanObservation,2542D016-B9B5-44B3-9F94-F42C88262323,1,Female,Adult,694AF654-0E55-4A02-A45D-2900806C02D6,https://www.gbif.org/species/2473421,Lagopus lagopus,Animalia,Chordata,Aves,Galliformes,Lagopus,lagopus
694AF654-0E55-4A02-A45D-2900806C02D6,2019-08-08T12:37:21Z,HumanObservation,23DFDC3D-4F15-4315-8776-C4F281063C8C,7,unknown,Juvenile,694AF654-0E55-4A02-A45D-2900806C02D6,https://www.gbif.org/species/2473421,Lagopus lagopus,Animalia,Chordata,Aves,Galliformes,Lagopus,lagopus
73955E8E-51E8-4062-BE1C-2994C490D8D0,2019-08-08T12:37:21Z,HumanObservation,9C4D14F4-B5D4-4716-A83A-90B1C2502388,1,Male,Adult,73955E8E-51E8-4062-BE1C-2994C490D8D0,https://www.gbif.org/species/2473421,Lagopus lagopus,Animalia,Chordata,Aves,Galliformes,Lagopus,lagopus
73955E8E-51E8-4062-BE1C-2994C490D8D0,2019-08-08T12:37:21Z,HumanObservation,EF004265-0B26-4A26-B24D-43B10104C2EA,1,Female,Adult,73955E8E-51E8-4062-BE1C-2994C490D8D0,https://www.gbif.org/species/2473421,Lagopus lagopus,Animalia,Chordata,Aves,Galliformes,Lagopus,lagopus
73955E8E-51E8-4062-BE1C-2994C490D8D0,2019-08-08T12:37:21Z,HumanObservation,C33916E1-2C3A-4890-8DC3-7B596C420986,1,unknown,Juvenile,73955E8E-51E8-4062-BE1C-2994C490D8D0,https://www.gbif.org/species/2473421,Lagopus lagopus,Animalia,Chordata,Aves,Galliformes,Lagopus,lagopus
ABEE0139-667F-455E-B9B8-2CAAD5B48AB0,2018-01-31T14:51:34Z,HumanObservation,7F55C5F3-2CD3-4C00-B15B-AE5E29B8546E,1,Male,Adult,ABEE0139-667F-455E-B9B8-2CAAD5B48AB0,https://www.gbif.org/species/2473421,Lagopus lagopus,Animalia,Chordata,Aves,Galliformes,Lagopus,lagopus
ABEE0139-667F-455E-B9B8-2CAAD5B48AB0,2018-01-31T14:51:34Z,HumanObservation,87FB7C0C-6A50-4BB3-85E9-D89EE38C7258,1,Female,Adult,ABEE0139-667F-455E-B9B8-2CAAD5B48AB0,https://www.gbif.org/species/2473421,Lagopus lagopus,Animalia,Chordata,Aves,Galliformes,Lagopus,lagopus
ABEE0139-667F-455E-B9B8-2CAAD5B48AB0,2018-02-12T11:43:00Z,HumanObservation,97D56B92-40F3-4419-825B-ED49D53DB920,4,unknown,Juvenile,ABEE0139-667F-455E-B9B8-2CAAD5B48AB0,https://www.gbif.org/species/2473421,Lagopus lagopus,Animalia,Chordata,Aves,Galliformes,Lagopus,lagopus
4BDE6C61-EFCA-4BC6-92A2-2CB3CBA3E411,2018-01-31T14:51:34Z,HumanObservation,25905A24-82CB-4DCF-B31E-0596A3891FD3,1,Male,Adult,4BDE6C61-EFCA-4BC6-92A2-2CB3CBA3E411,https://www.gbif.org/species/2473421,Lagopus lagopus,Animalia,Chordata,Aves,Galliformes,Lagopus,lagopus
4BDE6C61-EFCA-4BC6-92A2-2CB3CBA3E411,2018-01-31T14:51:34Z,HumanObservation,06F00810-D787-49CE-A742-B8F845365A76,1,Female,Adult,4BDE6C61-EFCA-4BC6-92A2-2CB3CBA3E411,https://www.gbif.org/species/2473421,Lagopus lagopus,Animalia,Chordata,Aves,Galliformes,Lagopus,lagopus
4BDE6C61-EFCA-4BC6-92A2-2CB3CBA3E411,2018-02-12T11:43:00Z,HumanObservation,55F11D2A-32AA-4D40-9E7A-E13D85CD887C,4,unknown,Juvenile,4BDE6C61-EFCA-4BC6-92A2-2CB3CBA3E411,https://www.gbif.org/species/2473421,Lagopus lagopus,Animalia,Chordata,Aves,Galliformes,Lagopus,lagopus
8497981F-8D18-4215-98C2-3033CF08EE88,2019-08-08T12:37:21Z,HumanObservation,1DC85A0D-51CD-4E28-A1A3-2F98E7217438,1,Female,Adult,8497981F-8D18-4215-98C2-3033CF08EE88,https://www.gbif.org/species/2473421,Lagopus lagopus,Animalia,Chordata,Aves,Galliformes,Lagopus,lagopus
8497981F-8D18-4215-98C2-3033CF08EE88,2019-08-08T12:37:21Z,HumanObservation,006D4C85-DA1D-4C09-8FE9-777C6BCD025C,8,unknown,Juvenile,8497981F-8D18-4215-98C2-3033CF08EE88,https://www.gbif.org/species/2473421,Lagopus lagopus,Animalia,Chordata,Aves,Galliformes,Lagopus,lagopus
2E818B91-5403-40C4-894D-303D0CB03C96,2019-08-08T12:37:21Z,HumanObservation,3CD33FFE-3FD9-4945-BDA1-05456FEF55C2,1,Male,Adult,2E818B91-5403-40C4-894D-303D0CB03C96,https://www.gbif.org/species/2473421,Lagopus lagopus,Animalia,Chordata,Aves,Galliformes,Lagopus,lagopus
2E818B91-5403-40C4-894D-303D0CB03C96,2019-08-08T12:37:21Z,HumanObservation,1781CFDC-2FEE-49BD-8B42-01E0ECA45454,1,Female,Adult,2E818B91-5403-40C4-894D-303D0CB03C96,https://www.gbif.org/species/2473421,Lagopus lagopus,Animalia,Chordata,Aves,Galliformes,Lagopus,lagopus
2E818B91-5403-40C4-894D-303D0CB03C96,2019-08-08T12:37:21Z,HumanObservation,CEF16366-FF37-48BD-AE85-29A3B946F60F,5,unknown,Juvenile,2E818B91-5403-40C4-894D-303D0CB03C96,https://www.gbif.org/species/2473421,Lagopus lagopus,Animalia,Chordata,Aves,Galliformes,Lagopus,lagopus
38F2F068-47E4-4E2D-89C0-30483866F7E3,2018-02-12T11:43:00Z,HumanObservation,2433E8EF-50F6-4416-9013-0C5F496ED20E,1,unknown,Juvenile,38F2F068-47E4-4E2D-89C0-30483866F7E3,https://www.gbif.org/species/2473421,Lagopus lagopus,Animalia,Chordata,Aves,Galliformes,Lagopus,lagopus
ED67F91F-1653-4430-9F8C-304DAB32B9F0,2018-01-31T14:51:34Z,HumanObservation,2428CED0-69A2-4EF5-8EBE-585AE8F500D2,1,Male,Adult,ED67F91F-1653-4430-9F8C-304DAB32B9F0,https://www.gbif.org/species/2473421,Lagopus lagopus,Animalia,Chordata,Aves,Galliformes,Lagopus,lagopus
ED67F91F-1653-4430-9F8C-304DAB32B9F0,2018-01-31T14:51:34Z,HumanObservation,8F304FF7-E7AD-4374-B267-40EAD462FC84,1,Female,Adult,ED67F91F-1653-4430-9F8C-304DAB32B9F0,https://www.gbif.org/species/2473421,Lagopus lagopus,Animalia,Chordata,Aves,Galliformes,Lagopus,lagopus
ED67F91F-1653-4430-9F8C-304DAB32B9F0,2018-02-12T11:43:00Z,HumanObservation,E77782E4-7634-4082-90CC-2E5F6CC49F49,4,unknown,Juvenile,ED67F91F-1653-4430-9F8C-304DAB32B9F0,https://www.gbif.org/species/2473421,Lagopus lagopus,Animalia,Chordata,Aves,Galliformes,Lagopus,lagopus
943D8345-6E07-4EE4-A826-322C7E9E3996,2019-08-08T12:37:21Z,HumanObservation,D7700236-777D-4817-A91C-A66AD1BE5D85,1,Female,Adult,943D8345-6E07-4EE4-A826-322C7E9E3996,https://www.gbif.org/species/2473421,Lagopus lagopus,Animalia,Chordata,Aves,Galliformes,Lagopus,lagopus
943D8345-6E07-4EE4-A826-322C7E9E3996,2019-08-08T12:37:21Z,HumanObservation,5C702E8E-C250-41C6-9A92-CDA49110D248,4,unknown,Juvenile,943D8345-6E07-4EE4-A826-322C7E9E3996,https://www.gbif.org/species/2473421,Lagopus lagopus,Animalia,Chordata,Aves,Galliformes,Lagopus,lagopus
683354F9-DD87-4E83-B7B4-366F95D75722,2019-08-08T12:37:21Z,HumanObservation,0CF83CB9-E438-4294-8306-9CD4EE71AFA4,1,Female,Adult,683354F9-DD87-4E83-B7B4-366F95D75722,https://www.gbif.org/species/2473421,Lagopus lagopus,Animalia,Chordata,Aves,Galliformes,Lagopus,lagopus
683354F9-DD87-4E83-B7B4-366F95D75722,2019-08-08T12:37:21Z,HumanObservation,12497ADD-EF96-4F06-9D67-19CFB9C99549,7,unknown,Juvenile,683354F9-DD87-4E83-B7B4-366F95D75722,https://www.gbif.org/species/2473421,Lagopus lagopus,Animalia,Chordata,Aves,Galliformes,Lagopus,lagopus
D094ECEA-E695-47CA-84A4-371973412ED3,2018-01-31T14:51:34Z,HumanObservation,C418FD0F-8F63-43C4-B2B4-EFC3FA899729,1,Male,Adult,D094ECEA-E695-47CA-84A4-371973412ED3,https://www.gbif.org/species/2473421,Lagopus lagopus,Animalia,Chordata,Aves,Galliformes,Lagopus,lagopus
D094ECEA-E695-47CA-84A4-371973412ED3,2018-01-31T14:51:34Z,HumanObservation,20D22D9B-D165-46DA-AC7A-CFD243EBB0EE,1,Female,Adult,D094ECEA-E695-47CA-84A4-371973412ED3,https://www.gbif.org/species/2473421,Lagopus lagopus,Animalia,Chordata,Aves,Galliformes,Lagopus,lagopus
0A353C31-0EA6-45CD-8487-385649755622,2019-08-08T12:37:21Z,HumanObservation,4C264899-3B79-4F0C-8649-B00702447A08,1,Male,Adult,0A353C31-0EA6-45CD-8487-385649755622,https://www.gbif.org/species/2473421,Lagopus lagopus,Animalia,Chordata,Aves,Galliformes,Lagopus,lagopus
0A353C31-0EA6-45CD-8487-385649755622,2019-08-08T12:37:21Z,HumanObservation,394C5A88-24DE-47A1-B2B8-71BC4B6E3ABD,1,Female,Adult,0A353C31-0EA6-45CD-8487-385649755622,https://www.gbif.org/species/2473421,Lagopus lagopus,Animalia,Chordata,Aves,Galliformes,Lagopus,lagopus
B2F1CC21-CEE9-43F3-BA35-3A09E04EEAE8,2019-08-08T12:37:21Z,HumanObservation,8EECCAA8-B5FA-4186-A37A-FB29496CB98C,1,Male,Adult,B2F1CC21-CEE9-43F3-BA35-3A09E04EEAE8,https://www.gbif.org/species/2473421,Lagopus lagopus,Animalia,Chordata,Aves,Galliformes,Lagopus,lagopus
B2F1CC21-CEE9-43F3-BA35-3A09E04EEAE8,2019-08-08T12:37:21Z,HumanObservation,933D1E2B-B7E4-4411-9310-9247BD836C28,1,Female,Adult,B2F1CC21-CEE9-43F3-BA35-3A09E04EEAE8,https://www.gbif.org/species/2473421,Lagopus lagopus,Animalia,Chordata,Aves,Galliformes,Lagopus,lagopus
B2F1CC21-CEE9-43F3-BA35-3A09E04EEAE8,2019-08-08T12:37:21Z,HumanObservation,83066515-52E7-4663-9469-1EBBC9571B72,9,unknown,Juvenile,B2F1CC21-CEE9-43F3-BA35-3A09E04EEAE8,https://www.gbif.org/species/2473421,Lagopus lagopus,Animalia,Chordata,Aves,Galliformes,Lagopus,lagopus
C4528CBE-AB70-4BAD-B985-48567FFE59A0,2019-08-08T12:37:21Z,HumanObservation,31EE9144-85D8-454A-ABC9-22F977A3877D,1,Male,Adult,C4528CBE-AB70-4BAD-B985-48567FFE59A0,https://www.gbif.org/species/2473421,Lagopus lagopus,Animalia,Chordata,Aves,Galliformes,Lagopus,lagopus
C4528CBE-AB70-4BAD-B985-48567FFE59A0,2019-08-08T12:37:21Z,HumanObservation,BEA6DF26-5E38-4840-AD20-CD9AE227B23F,1,Female,Adult,C4528CBE-AB70-4BAD-B985-48567FFE59A0,https://www.gbif.org/species/2473421,Lagopus lagopus,Animalia,Chordata,Aves,Galliformes,Lagopus,lagopus
C4528CBE-AB70-4BAD-B985-48567FFE59A0,2019-08-08T12:37:21Z,HumanObservation,1F725B3A-4D02-4852-A3A7-AF82F821CC93,1,unknown,Juvenile,C4528CBE-AB70-4BAD-B985-48567FFE59A0,https://www.gbif.org/species/2473421,Lagopus lagopus,Animalia,Chordata,Aves,Galliformes,Lagopus,lagopus
2649D6B6-E428-417F-8F5D-49E1571BC331,2019-08-08T12:37:21Z,HumanObservation,A3497743-8114-4BB8-ADAC-D05B0680334D,1,Male,Adult,2649D6B6-E428-417F-8F5D-49E1571BC331,https://www.gbif.org/species/2473421,Lagopus lagopus,Animalia,Chordata,Aves,Galliformes,Lagopus,lagopus
2649D6B6-E428-417F-8F5D-49E1571BC331,2019-08-08T12:37:21Z,HumanObservation,0769EC0F-B4FB-474F-A6DF-A92766F33647,1,Female,Adult,2649D6B6-E428-417F-8F5D-49E1571BC331,https://www.gbif.org/species/2473421,Lagopus lagopus,Animalia,Chordata,Aves,Galliformes,Lagopus,lagopus
2649D6B6-E428-417F-8F5D-49E1571BC331,2019-08-08T12:37:21Z,HumanObservation,14B68C43-E1D7-4EF7-BB73-3288DC350A6D,7,unknown,Juvenile,2649D6B6-E428-417F-8F5D-49E1571BC331,https://www.gbif.org/species/2473421,Lagopus lagopus,Animalia,Chordata,Aves,Galliformes,Lagopus,lagopus
F208440B-EF3E-48C2-B9A1-4FC74709F9C6,2019-08-08T12:37:21Z,HumanObservation,B7D05A1F-5D97-4A60-A0C0-0D85D28871EE,2,Male,Adult,F208440B-EF3E-48C2-B9A1-4FC74709F9C6,https://www.gbif.org/species/2473421,Lagopus lagopus,Animalia,Chordata,Aves,Galliformes,Lagopus,lagopus
0D4F4AE3-F796-4FEA-9652-50CCDF0B06A8,2018-01-31T14:51:34Z,HumanObservation,FEFC0626-FF72-404D-802C-9B4009BED51E,1,Female,Adult,0D4F4AE3-F796-4FEA-9652-50CCDF0B06A8,https://www.gbif.org/species/2473421,Lagopus lagopus,Animalia,Chordata,Aves,Galliformes,Lagopus,lagopus
0C2D8A1B-B3EA-4811-A671-52AD7CF58B1D,2018-01-31T14:51:34Z,HumanObservation,9250E6DC-9A1D-4CF4-A364-DE6E508DBCC1,1,Female,Adult,0C2D8A1B-B3EA-4811-A671-52AD7CF58B1D,https://www.gbif.org/species/2473421,Lagopus lagopus,Animalia,Chordata,Aves,Galliformes,Lagopus,lagopus
0C2D8A1B-B3EA-4811-A671-52AD7CF58B1D,2018-02-12T11:43:00Z,HumanObservation,976A3D82-BA77-46A3-A98E-6CDD3D910225,7,unknown,Juvenile,0C2D8A1B-B3EA-4811-A671-52AD7CF58B1D,https://www.gbif.org/species/2473421,Lagopus lagopus,Animalia,Chordata,Aves,Galliformes,Lagopus,lagopus
E5F528BB-41FA-4F85-A392-5769765D7578,2019-08-08T12:37:21Z,HumanObservation,CB3D44AA-2F1E-40C2-8240-E093ED51AD70,1,Female,Adult,E5F528BB-41FA-4F85-A392-5769765D7578,https://www.gbif.org/species/2473421,Lagopus lagopus,Animalia,Chordata,Aves,Galliformes,Lagopus,lagopus
E5F528BB-41FA-4F85-A392-5769765D7578,2019-08-08T12:37:21Z,HumanObservation,FD22014B-5F12-41AE-A44E-843E2CAFC656,4,unknown,Juvenile,E5F528BB-41FA-4F85-A392-5769765D7578,https://www.gbif.org/species/2473421,Lagopus lagopus,Animalia,Chordata,Aves,Galliformes,Lagopus,lagopus
F9FA4A52-29B9-440F-9217-613E2E5F65B2,2019-08-08T12:37:21Z,HumanObservation,6BABA4A5-D8E5-4F33-95F9-DC4E6A695C7B,1,Male,Adult,F9FA4A52-29B9-440F-9217-613E2E5F65B2,https://www.gbif.org/species/2473421,Lagopus lagopus,Animalia,Chordata,Aves,Galliformes,Lagopus,lagopus
F9FA4A52-29B9-440F-9217-613E2E5F65B2,2019-08-08T12:37:21Z,HumanObservation,B14FF9D9-7DB3-4B46-8A2B-DF05C60B7C76,1,Female,Adult,F9FA4A52-29B9-440F-9217-613E2E5F65B2,https://www.gbif.org/species/2473421,Lagopus lagopus,Animalia,Chordata,Aves,Galliformes,Lagopus,lagopus
F9FA4A52-29B9-440F-9217-613E2E5F65B2,2019-08-08T12:37:21Z,HumanObservation,DD5614E7-C774-44B9-B28C-1C2D01F5F7DA,3,unknown,Juvenile,F9FA4A52-29B9-440F-9217-613E2E5F65B2,https://www.gbif.org/species/2473421,Lagopus lagopus,Animalia,Chordata,Aves,Galliformes,Lagopus,lagopus
CA8F71E7-6494-4C65-936A-633ECE2E9303,2019-08-08T12:37:21Z,HumanObservation,A616F218-71FC-42EF-ABBC-E9F1843561BB,1,Female,Adult,CA8F71E7-6494-4C65-936A-633ECE2E9303,https://www.gbif.org/species/2473421,Lagopus lagopus,Animalia,Chordata,Aves,Galliformes,Lagopus,lagopus
CA8F71E7-6494-4C65-936A-633ECE2E9303,2019-08-08T12:37:21Z,HumanObservation,95D64461-1360-474C-913E-91F0DBE034A8,4,unknown,Juvenile,CA8F71E7-6494-4C65-936A-633ECE2E9303,https://www.gbif.org/species/2473421,Lagopus lagopus,Animalia,Chordata,Aves,Galliformes,Lagopus,lagopus
BD11F755-59A5-4D18-B1BF-63522F5916A3,2019-08-08T12:37:21Z,HumanObservation,9DF0573B-6341-492D-82E7-298B46896A9E,1,Female,Adult,BD11F755-59A5-4D18-B1BF-63522F5916A3,https://www.gbif.org/species/2473421,Lagopus lagopus,Animalia,Chordata,Aves,Galliformes,Lagopus,lagopus
BD11F755-59A5-4D18-B1BF-63522F5916A3,2019-08-08T12:37:21Z,HumanObservation,196BD019-67B6-4F8A-9948-05B99D30DBFA,11,unknown,Juvenile,BD11F755-59A5-4D18-B1BF-63522F5916A3,https://www.gbif.org/species/2473421,Lagopus lagopus,Animalia,Chordata,Aves,Galliformes,Lagopus,lagopus
AA77B057-5344-4FFC-A9EE-66BCAB0EEA17,2019-08-08T12:37:21Z,HumanObservation,8C4637F3-6653-49A0-A20E-9933F5AC6AEC,1,Female,Adult,AA77B057-5344-4FFC-A9EE-66BCAB0EEA17,https://www.gbif.org/species/2473421,Lagopus lagopus,Animalia,Chordata,Aves,Galliformes,Lagopus,lagopus
AA77B057-5344-4FFC-A9EE-66BCAB0EEA17,2019-08-08T12:37:21Z,HumanObservation,E908DFB1-0001-4E94-B296-02AB02359179,1,unknown,Juvenile,AA77B057-5344-4FFC-A9EE-66BCAB0EEA17,https://www.gbif.org/species/2473421,Lagopus lagopus,Animalia,Chordata,Aves,Galliformes,Lagopus,lagopus
BF911B34-5535-424C-BD93-687DF40C6489,2018-01-31T14:51:34Z,HumanObservation,6EB7C785-CBD8-48A0-A73E-569956399F72,1,Male,Adult,BF911B34-5535-424C-BD93-687DF40C6489,https://www.gbif.org/species/2473421,Lagopus lagopus,Animalia,Chordata,Aves,Galliformes,Lagopus,lagopus
BF911B34-5535-424C-BD93-687DF40C6489,2018-01-31T14:51:34Z,HumanObservation,2ACBA54F-7EDC-42F1-B402-DA8FE1B3DDF6,1,Female,Adult,BF911B34-5535-424C-BD93-687DF40C6489,https://www.gbif.org/species/2473421,Lagopus lagopus,Animalia,Chordata,Aves,Galliformes,Lagopus,lagopus
BF911B34-5535-424C-BD93-687DF40C6489,2018-02-12T11:43:00Z,HumanObservation,19FC922D-844A-43CB-A2ED-4D048AFD3696,4,unknown,Juvenile,BF911B34-5535-424C-BD93-687DF40C6489,https://www.gbif.org/species/2473421,Lagopus lagopus,Animalia,Chordata,Aves,Galliformes,Lagopus,lagopus
075D2A75-E272-43AE-B346-6917007C97EF,2018-01-31T14:51:34Z,HumanObservation,C4BBBF57-7F71-4E53-96DA-7227C6752CCA,1,Female,Adult,075D2A75-E272-43AE-B346-6917007C97EF,https://www.gbif.org/species/2473421,Lagopus lagopus,Animalia,Chordata,Aves,Galliformes,Lagopus,lagopus
075D2A75-E272-43AE-B346-6917007C97EF,2018-02-12T11:43:00Z,HumanObservation,9334D89A-AD7B-437F-92BF-BFC1F6F276DE,2,unknown,Juvenile,075D2A75-E272-43AE-B346-6917007C97EF,https://www.gbif.org/species/2473421,Lagopus lagopus,Animalia,Chordata,Aves,Galliformes,Lagopus,lagopus
B4FB77C7-DD4C-401A-923A-6B8B84478862,2018-01-31T14:51:34Z,HumanObservation,7412B4EA-6568-40B3-83D7-31C1AA62C3B0,1,Male,Adult,B4FB77C7-DD4C-401A-923A-6B8B84478862,https://www.gbif.org/species/2473421,Lagopus lagopus,Animalia,Chordata,Aves,Galliformes,Lagopus,lagopus
B4FB77C7-DD4C-401A-923A-6B8B84478862,2018-01-31T14:51:34Z,HumanObservation,B168C8C7-CBF8-486C-9AD0-C93890C2B8E1,1,Female,Adult,B4FB77C7-DD4C-401A-923A-6B8B84478862,https://www.gbif.org/species/2473421,Lagopus lagopus,Animalia,Chordata,Aves,Galliformes,Lagopus,lagopus
B4FB77C7-DD4C-401A-923A-6B8B84478862,2018-02-12T11:43:00Z,HumanObservation,F236300A-4206-4562-B742-40F804371B67,3,unknown,Juvenile,B4FB77C7-DD4C-401A-923A-6B8B84478862,https://www.gbif.org/species/2473421,Lagopus lagopus,Animalia,Chordata,Aves,Galliformes,Lagopus,lagopus
9A3A6933-CC09-4EE2-932D-6C5DC0737E10,2019-08-08T12:37:21Z,HumanObservation,3D6CF464-9568-4093-84CF-14485AF57749,1,Male,Adult,9A3A6933-CC09-4EE2-932D-6C5DC0737E10,https://www.gbif.org/species/2473421,Lagopus lagopus,Animalia,Chordata,Aves,Galliformes,Lagopus,lagopus
9A3A6933-CC09-4EE2-932D-6C5DC0737E10,2019-08-08T12:37:21Z,HumanObservation,83E4CBEC-9DD9-4143-AE94-D8124BD89A65,1,Female,Adult,9A3A6933-CC09-4EE2-932D-6C5DC0737E10,https://www.gbif.org/species/2473421,Lagopus lagopus,Animalia,Chordata,Aves,Galliformes,Lagopus,lagopus
9A3A6933-CC09-4EE2-932D-6C5DC0737E10,2019-08-08T12:37:21Z,HumanObservation,4236B764-6006-4241-9811-7940925CA0C5,9,unknown,Juvenile,9A3A6933-CC09-4EE2-932D-6C5DC0737E10,https://www.gbif.org/species/2473421,Lagopus lagopus,Animalia,Chordata,Aves,Galliformes,Lagopus,lagopus
A7AEA349-CFA2-4466-A786-6ED6DFB07D51,2018-01-31T14:51:34Z,HumanObservation,1D251BEA-3A13-427D-BF2F-74D1A018943F,2,Male,Adult,A7AEA349-CFA2-4466-A786-6ED6DFB07D51,https://www.gbif.org/species/2473421,Lagopus lagopus,Animalia,Chordata,Aves,Galliformes,Lagopus,lagopus
A7AEA349-CFA2-4466-A786-6ED6DFB07D51,2018-01-31T14:51:34Z,HumanObservation,FBCFEB6F-AF5F-486F-A00A-6746C8DCB266,4,Female,Adult,A7AEA349-CFA2-4466-A786-6ED6DFB07D51,https://www.gbif.org/species/2473421,Lagopus lagopus,Animalia,Chordata,Aves,Galliformes,Lagopus,lagopus
5B86DF49-466F-4402-916E-6F88730C1178,2019-08-08T12:37:21Z,HumanObservation,C904F0E7-E941-4249-B380-9398222E6777,1,Male,Adult,5B86DF49-466F-4402-916E-6F88730C1178,https://www.gbif.org/species/2473421,Lagopus lagopus,Animalia,Chordata,Aves,Galliformes,Lagopus,lagopus
5B86DF49-466F-4402-916E-6F88730C1178,2019-08-08T12:37:21Z,HumanObservation,A303DAFC-65C0-4C17-8734-A67DE2726F82,1,Female,Adult,5B86DF49-466F-4402-916E-6F88730C1178,https://www.gbif.org/species/2473421,Lagopus lagopus,Animalia,Chordata,Aves,Galliformes,Lagopus,lagopus
5B86DF49-466F-4402-916E-6F88730C1178,2019-08-08T12:37:21Z,HumanObservation,7CB0A130-303F-4DE9-BC1F-13A910BCEC06,4,unknown,Juvenile,5B86DF49-466F-4402-916E-6F88730C1178,https://www.gbif.org/species/2473421,Lagopus lagopus,Animalia,Chordata,Aves,Galliformes,Lagopus,lagopus
D3F88B6B-CD6E-42F6-B2A8-702530E4F244,2018-01-31T14:51:34Z,HumanObservation,A8FAA963-3693-4CEA-B509-10954F9734D7,1,Female,Adult,D3F88B6B-CD6E-42F6-B2A8-702530E4F244,https://www.gbif.org/species/2473421,Lagopus lagopus,Animalia,Chordata,Aves,Galliformes,Lagopus,lagopus
D3F88B6B-CD6E-42F6-B2A8-702530E4F244,2018-02-12T11:43:00Z,HumanObservation,D817A575-A6E3-4B6C-9879-E9256C1E1658,7,unknown,Juvenile,D3F88B6B-CD6E-42F6-B2A8-702530E4F244,https://www.gbif.org/species/2473421,Lagopus lagopus,Animalia,Chordata,Aves,Galliformes,Lagopus,lagopus
28120966-7CD2-4ED7-855B-7973E1E057AF,2019-08-08T12:37:21Z,HumanObservation,37DD5D4E-0AC4-48DC-A9C7-59679BEF2B34,1,Male,Adult,28120966-7CD2-4ED7-855B-7973E1E057AF,https://www.gbif.org/species/2473421,Lagopus lagopus,Animalia,Chordata,Aves,Galliformes,Lagopus,lagopus
28120966-7CD2-4ED7-855B-7973E1E057AF,2019-08-08T12:37:21Z,HumanObservation,DF5325DC-0B3F-47AB-9C2B-C6B9AF57E600,1,Female,Adult,28120966-7CD2-4ED7-855B-7973E1E057AF,https://www.gbif.org/species/2473421,Lagopus lagopus,Animalia,Chordata,Aves,Galliformes,Lagopus,lagopus
28120966-7CD2-4ED7-855B-7973E1E057AF,2019-08-08T12:37:21Z,HumanObservation,0D3933EE-A4AC-4E25-928C-9579ACCB36CC,6,unknown,Juvenile,28120966-7CD2-4ED7-855B-7973E1E057AF,https://www.gbif.org/species/2473421,Lagopus lagopus,Animalia,Chordata,Aves,Galliformes,Lagopus,lagopus
27490F59-D08F-422A-BB19-7AC81CD21794,2019-08-08T12:37:21Z,HumanObservation,F6099D2A-AA07-4A0B-AFFD-9B1136AEB0A6,2,Male,Adult,27490F59-D08F-422A-BB19-7AC81CD21794,https://www.gbif.org/species/2473421,Lagopus lagopus,Animalia,Chordata,Aves,Galliformes,Lagopus,lagopus
27490F59-D08F-422A-BB19-7AC81CD21794,2019-08-08T12:37:21Z,HumanObservation,30A71ED5-CFF5-49F0-A254-A2425332070D,1,Female,Adult,27490F59-D08F-422A-BB19-7AC81CD21794,https://www.gbif.org/species/2473421,Lagopus lagopus,Animalia,Chordata,Aves,Galliformes,Lagopus,lagopus
27490F59-D08F-422A-BB19-7AC81CD21794,2019-08-08T12:37:21Z,HumanObservation,F3C3FDB0-5A3D-489A-A8A2-8708B378A804,5,unknown,Juvenile,27490F59-D08F-422A-BB19-7AC81CD21794,https://www.gbif.org/species/2473421,Lagopus lagopus,Animalia,Chordata,Aves,Galliformes,Lagopus,lagopus
AD0D3438-C63E-4AE8-8847-7B6F763FBD61,2018-01-31T14:51:34Z,HumanObservation,8664E7F1-0D02-4230-87BD-CE3054F06517,1,Male,Adult,AD0D3438-C63E-4AE8-8847-7B6F763FBD61,https://www.gbif.org/species/2473421,Lagopus lagopus,Animalia,Chordata,Aves,Galliformes,Lagopus,lagopus
AD0D3438-C63E-4AE8-8847-7B6F763FBD61,2018-01-31T14:51:34Z,HumanObservation,3BADC24E-A5E7-4758-BA4F-10C531F23FC0,1,Female,Adult,AD0D3438-C63E-4AE8-8847-7B6F763FBD61,https://www.gbif.org/species/2473421,Lagopus lagopus,Animalia,Chordata,Aves,Galliformes,Lagopus,lagopus
AD0D3438-C63E-4AE8-8847-7B6F763FBD61,2018-02-12T11:43:00Z,HumanObservation,DC30FA1E-8114-481D-95BB-83E830B8D83C,10,unknown,Juvenile,AD0D3438-C63E-4AE8-8847-7B6F763FBD61,https://www.gbif.org/species/2473421,Lagopus lagopus,Animalia,Chordata,Aves,Galliformes,Lagopus,lagopus
56768224-373F-4CB9-B6B8-7BD95CEEB197,2019-08-08T12:37:21Z,HumanObservation,326A2863-3277-4400-8E6A-E88A5C558EB7,1,Male,Adult,56768224-373F-4CB9-B6B8-7BD95CEEB197,https://www.gbif.org/species/2473421,Lagopus lagopus,Animalia,Chordata,Aves,Galliformes,Lagopus,lagopus
56768224-373F-4CB9-B6B8-7BD95CEEB197,2019-08-08T12:37:21Z,HumanObservation,A90F1A1B-FBEA-4617-A7C9-4B0975D548EB,1,Female,Adult,56768224-373F-4CB9-B6B8-7BD95CEEB197,https://www.gbif.org/species/2473421,Lagopus lagopus,Animalia,Chordata,Aves,Galliformes,Lagopus,lagopus
56768224-373F-4CB9-B6B8-7BD95CEEB197,2019-08-08T12:37:21Z,HumanObservation,CCCC0A5F-921C-4906-AFA1-9EDDA93B1E91,7,unknown,Juvenile,56768224-373F-4CB9-B6B8-7BD95CEEB197,https://www.gbif.org/species/2473421,Lagopus lagopus,Animalia,Chordata,Aves,Galliformes,Lagopus,lagopus
59325F30-C127-4936-96DC-825F8EA7512F,2019-08-08T12:37:21Z,HumanObservation,BEA2A762-B620-433C-AF74-CDF1EC8D51FF,1,Male,Adult,59325F30-C127-4936-96DC-825F8EA7512F,https://www.gbif.org/species/2473421,Lagopus lagopus,Animalia,Chordata,Aves,Galliformes,Lagopus,lagopus
59325F30-C127-4936-96DC-825F8EA7512F,2019-08-08T12:37:21Z,HumanObservation,0CB8A6A3-86D9-4C85-85F5-B5B35F4B1F07,1,Female,Adult,59325F30-C127-4936-96DC-825F8EA7512F,https://www.gbif.org/species/2473421,Lagopus lagopus,Animalia,Chordata,Aves,Galliformes,Lagopus,lagopus
59325F30-C127-4936-96DC-825F8EA7512F,2019-08-08T12:37:21Z,HumanObservation,96ABCC3B-7678-4654-9274-9359F9A3569A,7,unknown,Juvenile,59325F30-C127-4936-96DC-825F8EA7512F,https://www.gbif.org/species/2473421,Lagopus lagopus,Animalia,Chordata,Aves,Galliformes,Lagopus,lagopus
73A9B619-ABBD-408C-8943-826C718D89E3,2018-01-31T14:51:34Z,HumanObservation,F6FC57B5-41AB-4BF4-B8A6-A9CFAEBD315D,1,Female,Adult,73A9B619-ABBD-408C-8943-826C718D89E3,https://www.gbif.org/species/2473421,Lagopus lagopus,Animalia,Chordata,Aves,Galliformes,Lagopus,lagopus
73A9B619-ABBD-408C-8943-826C718D89E3,2018-02-12T11:43:00Z,HumanObservation,DD7502CA-DD8F-42DE-ABB4-4C7A001B3B30,4,unknown,Juvenile,73A9B619-ABBD-408C-8943-826C718D89E3,https://www.gbif.org/species/2473421,Lagopus lagopus,Animalia,Chordata,Aves,Galliformes,Lagopus,lagopus
5B7B22F2-8B57-4042-9F41-8A5CBB18AF9F,2019-08-08T12:37:21Z,HumanObservation,40A7CA70-3A42-447D-A116-A695EC7B713E,1,Male,Adult,5B7B22F2-8B57-4042-9F41-8A5CBB18AF9F,https://www.gbif.org/species/2473421,Lagopus lagopus,Animalia,Chordata,Aves,Galliformes,Lagopus,lagopus
5B7B22F2-8B57-4042-9F41-8A5CBB18AF9F,2019-08-08T12:37:21Z,HumanObservation,16A6DD19-8745-4274-9B5A-0AB66FC5B00D,1,Female,Adult,5B7B22F2-8B57-4042-9F41-8A5CBB18AF9F,https://www.gbif.org/species/2473421,Lagopus lagopus,Animalia,Chordata,Aves,Galliformes,Lagopus,lagopus
5B7B22F2-8B57-4042-9F41-8A5CBB18AF9F,2019-08-08T12:37:21Z,HumanObservation,FD3CD9CF-1AA9-47AD-AB24-1DE068CAAA01,5,unknown,Juvenile,5B7B22F2-8B57-4042-9F41-8A5CBB18AF9F,https://www.gbif.org/species/2473421,Lagopus lagopus,Animalia,Chordata,Aves,Galliformes,Lagopus,lagopus
898ED5FE-C93C-421A-BFFB-8E6A29459046,2019-08-08T12:37:21Z,HumanObservation,6FBA2E4C-ABDD-46FB-ACBA-F018D5AF56BD,1,Female,Adult,898ED5FE-C93C-421A-BFFB-8E6A29459046,https://www.gbif.org/species/2473421,Lagopus lagopus,Animalia,Chordata,Aves,Galliformes,Lagopus,lagopus
898ED5FE-C93C-421A-BFFB-8E6A29459046,2019-08-08T12:37:21Z,HumanObservation,18B35454-2089-45A0-BC89-39B591C33C5D,8,unknown,Juvenile,898ED5FE-C93C-421A-BFFB-8E6A29459046,https://www.gbif.org/species/2473421,Lagopus lagopus,Animalia,Chordata,Aves,Galliformes,Lagopus,lagopus
F04364BB-8B87-49FE-BFA9-949BFBF93427,2019-08-08T12:37:21Z,HumanObservation,76978C01-2B03-418E-A5AB-22E8DB219A4F,1,Female,Adult,F04364BB-8B87-49FE-BFA9-949BFBF93427,https://www.gbif.org/species/2473421,Lagopus lagopus,Animalia,Chordata,Aves,Galliformes,Lagopus,lagopus
67CA9A2D-7B81-4EFD-8819-94F8AD843026,2019-08-08T12:37:21Z,HumanObservation,D75CC125-D41B-4174-BFA2-54AB3FE467B3,1,Female,Adult,67CA9A2D-7B81-4EFD-8819-94F8AD843026,https://www.gbif.org/species/2473421,Lagopus lagopus,Animalia,Chordata,Aves,Galliformes,Lagopus,lagopus
67CA9A2D-7B81-4EFD-8819-94F8AD843026,2019-08-08T12:37:21Z,HumanObservation,2EF1C7A9-9FC4-4627-BFA8-2125978D7D46,5,unknown,Juvenile,67CA9A2D-7B81-4EFD-8819-94F8AD843026,https://www.gbif.org/species/2473421,Lagopus lagopus,Animalia,Chordata,Aves,Galliformes,Lagopus,lagopus
69A0AB43-A520-4A16-984D-961030DEE12F,2019-08-08T12:37:21Z,HumanObservation,2FC00F5A-68FC-4906-9CDE-ACFF6F197FB3,1,Female,Adult,69A0AB43-A520-4A16-984D-961030DEE12F,https://www.gbif.org/species/2473421,Lagopus lagopus,Animalia,Chordata,Aves,Galliformes,Lagopus,lagopus
66786018-803F-4082-BD15-96E0A99115AB,2019-08-08T12:37:21Z,HumanObservation,5F0A87A9-71B4-4CD8-918D-2BDD9FA0994E,1,Male,Adult,66786018-803F-4082-BD15-96E0A99115AB,https://www.gbif.org/species/2473421,Lagopus lagopus,Animalia,Chordata,Aves,Galliformes,Lagopus,lagopus
66786018-803F-4082-BD15-96E0A99115AB,2019-08-08T12:37:21Z,HumanObservation,50BD3D54-E61C-4CAE-8747-2CB99630A631,1,Female,Adult,66786018-803F-4082-BD15-96E0A99115AB,https://www.gbif.org/species/2473421,Lagopus lagopus,Animalia,Chordata,Aves,Galliformes,Lagopus,lagopus
66786018-803F-4082-BD15-96E0A99115AB,2019-08-08T12:37:21Z,HumanObservation,2B113448-5096-4DED-A56E-6A8669671E4C,7,unknown,Juvenile,66786018-803F-4082-BD15-96E0A99115AB,https://www.gbif.org/species/2473421,Lagopus lagopus,Animalia,Chordata,Aves,Galliformes,Lagopus,lagopus
E0041AA9-9C9B-4D67-914F-96F1AA9AFDB0,2018-01-31T14:51:34Z,HumanObservation,2FEB8723-AB5D-44C9-B82D-983B86A75D46,1,Male,Adult,E0041AA9-9C9B-4D67-914F-96F1AA9AFDB0,https://www.gbif.org/species/2473421,Lagopus lagopus,Animalia,Chordata,Aves,Galliformes,Lagopus,lagopus
8C26AD06-F96C-4B6F-80EA-9A032E832A39,2018-01-31T14:51:34Z,HumanObservation,293EE2F8-4DDC-46BD-81D3-4FFFCAD61BA6,2,Male,Adult,8C26AD06-F96C-4B6F-80EA-9A032E832A39,https://www.gbif.org/species/2473421,Lagopus lagopus,Animalia,Chordata,Aves,Galliformes,Lagopus,lagopus
14C5FF82-6B1B-45BB-AEE8-9B4CB630F148,2019-08-08T12:37:21Z,HumanObservation,0CE3D10A-6000-496C-A586-1DFA1D7282B4,1,Female,Adult,14C5FF82-6B1B-45BB-AEE8-9B4CB630F148,https://www.gbif.org/species/2473421,Lagopus lagopus,Animalia,Chordata,Aves,Galliformes,Lagopus,lagopus
14C5FF82-6B1B-45BB-AEE8-9B4CB630F148,2019-08-08T12:37:21Z,HumanObservation,C3C62703-1AB1-4D20-875F-75FA2A7A2C8A,8,unknown,Juvenile,14C5FF82-6B1B-45BB-AEE8-9B4CB630F148,https://www.gbif.org/species/2473421,Lagopus lagopus,Animalia,Chordata,Aves,Galliformes,Lagopus,lagopus
F3D5D7DB-4E34-496F-81F6-A4BAB106C56F,2018-01-31T14:51:34Z,HumanObservation,464140DF-4131-4B5F-9988-78684BB54286,1,Female,Adult,F3D5D7DB-4E34-496F-81F6-A4BAB106C56F,https://www.gbif.org/species/2473421,Lagopus lagopus,Animalia,Chordata,Aves,Galliformes,Lagopus,lagopus
F3D5D7DB-4E34-496F-81F6-A4BAB106C56F,2018-02-12T11:43:00Z,HumanObservation,574089F9-DF3B-47B2-8414-75CB62F41069,3,unknown,Juvenile,F3D5D7DB-4E34-496F-81F6-A4BAB106C56F,https://www.gbif.org/species/2473421,Lagopus lagopus,Animalia,Chordata,Aves,Galliformes,Lagopus,lagopus
5757B86C-36AA-4633-95E4-A59677D1B45F,2018-01-31T14:51:34Z,HumanObservation,E9A262A0-9382-4D15-9268-934924125FBA,1,Male,Adult,5757B86C-36AA-4633-95E4-A59677D1B45F,https://www.gbif.org/species/2473421,Lagopus lagopus,Animalia,Chordata,Aves,Galliformes,Lagopus,lagopus
5757B86C-36AA-4633-95E4-A59677D1B45F,2018-01-31T14:51:34Z,HumanObservation,3998DC51-524F-4A5F-91EC-999EE4177413,1,Female,Adult,5757B86C-36AA-4633-95E4-A59677D1B45F,https://www.gbif.org/species/2473421,Lagopus lagopus,Animalia,Chordata,Aves,Galliformes,Lagopus,lagopus
EFE89F50-0E8D-44EA-B592-AACC588DAB46,2019-08-08T12:37:21Z,HumanObservation,745AD3F5-33C9-45E5-BCB4-EAF1D5EC8B2B,1,Male,Adult,EFE89F50-0E8D-44EA-B592-AACC588DAB46,https://www.gbif.org/species/2473421,Lagopus lagopus,Animalia,Chordata,Aves,Galliformes,Lagopus,lagopus
EFE89F50-0E8D-44EA-B592-AACC588DAB46,2019-08-08T12:37:21Z,HumanObservation,26FC607B-0D77-45BB-BD52-82EC31FE00C9,1,Female,Adult,EFE89F50-0E8D-44EA-B592-AACC588DAB46,https://www.gbif.org/species/2473421,Lagopus lagopus,Animalia,Chordata,Aves,Galliformes,Lagopus,lagopus
EFE89F50-0E8D-44EA-B592-AACC588DAB46,2019-08-08T12:37:21Z,HumanObservation,75A98467-D1D8-42DF-BFBD-7DD33B8F7258,5,unknown,Juvenile,EFE89F50-0E8D-44EA-B592-AACC588DAB46,https://www.gbif.org/species/2473421,Lagopus lagopus,Animalia,Chordata,Aves,Galliformes,Lagopus,lagopus
96256A8D-3951-4DB3-934C-ADEE36D04151,2019-08-08T12:37:21Z,HumanObservation,D24A2AD9-CFCB-41B1-AA8A-DE1EA1101E29,1,Male,Adult,96256A8D-3951-4DB3-934C-ADEE36D04151,https://www.gbif.org/species/2473421,Lagopus lagopus,Animalia,Chordata,Aves,Galliformes,Lagopus,lagopus
96256A8D-3951-4DB3-934C-ADEE36D04151,2019-08-08T12:37:21Z,HumanObservation,6478FA12-00FA-4C39-95EC-15A7E1BC6B56,2,Female,Adult,96256A8D-3951-4DB3-934C-ADEE36D04151,https://www.gbif.org/species/2473421,Lagopus lagopus,Animalia,Chordata,Aves,Galliformes,Lagopus,lagopus
96256A8D-3951-4DB3-934C-ADEE36D04151,2019-08-08T12:37:21Z,HumanObservation,D27785D6-D512-4F34-B6A2-443365D7668C,6,unknown,Juvenile,96256A8D-3951-4DB3-934C-ADEE36D04151,https://www.gbif.org/species/2473421,Lagopus lagopus,Animalia,Chordata,Aves,Galliformes,Lagopus,lagopus
E623C945-8B19-43F3-AB9C-AF838184B033,2019-08-08T12:37:21Z,HumanObservation,2A4EB8FE-DC80-460F-9DF5-856641007E77,1,Male,Adult,E623C945-8B19-43F3-AB9C-AF838184B033,https://www.gbif.org/species/2473421,Lagopus lagopus,Animalia,Chordata,Aves,Galliformes,Lagopus,lagopus
E3FF7F7F-A8FB-4FF7-9346-B24650283AFA,2019-08-08T12:37:21Z,HumanObservation,DC6EE662-5BD9-4411-B839-2B7BDFC3AAD0,1,Male,Adult,E3FF7F7F-A8FB-4FF7-9346-B24650283AFA,https://www.gbif.org/species/2473421,Lagopus lagopus,Animalia,Chordata,Aves,Galliformes,Lagopus,lagopus
E3FF7F7F-A8FB-4FF7-9346-B24650283AFA,2019-08-08T12:37:21Z,HumanObservation,792012FB-6C06-4B08-B30B-2D8F4D153B9C,1,Female,Adult,E3FF7F7F-A8FB-4FF7-9346-B24650283AFA,https://www.gbif.org/species/2473421,Lagopus lagopus,Animalia,Chordata,Aves,Galliformes,Lagopus,lagopus
3973C41C-E892-4868-9512-B5EECA5E18A1,2019-08-08T12:37:21Z,HumanObservation,99AF6727-F04C-4EB2-AD18-1CFD65D70CD2,1,Male,Adult,3973C41C-E892-4868-9512-B5EECA5E18A1,https://www.gbif.org/species/2473421,Lagopus lagopus,Animalia,Chordata,Aves,Galliformes,Lagopus,lagopus
3973C41C-E892-4868-9512-B5EECA5E18A1,2019-08-08T12:37:21Z,HumanObservation,DD98A737-C201-4CDB-AE2E-0BC8E81FEAB7,1,Female,Adult,3973C41C-E892-4868-9512-B5EECA5E18A1,https://www.gbif.org/species/2473421,Lagopus lagopus,Animalia,Chordata,Aves,Galliformes,Lagopus,lagopus
3973C41C-E892-4868-9512-B5EECA5E18A1,2019-08-08T12:37:21Z,HumanObservation,F447F279-1461-41EC-9F14-D35E3605A6DC,1,unknown,Juvenile,3973C41C-E892-4868-9512-B5EECA5E18A1,https://www.gbif.org/species/2473421,Lagopus lagopus,Animalia,Chordata,Aves,Galliformes,Lagopus,lagopus
3DB0E50C-D92D-408F-A0E0-B81FA0168CDD,2018-02-12T11:43:41Z,HumanObservation,146F37B3-66A8-49D9-BEE5-1444EC2A5FBD,2,unknown,unknown,3DB0E50C-D92D-408F-A0E0-B81FA0168CDD,https://www.gbif.org/species/2473421,Lagopus lagopus,Animalia,Chordata,Aves,Galliformes,Lagopus,lagopus
79A3088F-4F0E-48F0-B515-B8D7C2B3CCA8,2018-01-31T14:51:34Z,HumanObservation,6B0BFF6B-9363-46CC-B725-51AFB7A6D631,2,Female,Adult,79A3088F-4F0E-48F0-B515-B8D7C2B3CCA8,https://www.gbif.org/species/2473421,Lagopus lagopus,Animalia,Chordata,Aves,Galliformes,Lagopus,lagopus
C29E5A77-5624-45CC-98F9-B9EE75D21083,2018-01-31T14:51:34Z,HumanObservation,A92D35BB-7BEC-4ECF-A289-FDA4CBFE0EF7,1,Male,Adult,C29E5A77-5624-45CC-98F9-B9EE75D21083,https://www.gbif.org/species/2473421,Lagopus lagopus,Animalia,Chordata,Aves,Galliformes,Lagopus,lagopus
430A2737-3C22-411F-B781-BB7F0CB277F6,2018-01-31T14:51:34Z,HumanObservation,33DEE845-6B0C-4437-8EFA-20D2FDD6DB00,2,Male,Adult,430A2737-3C22-411F-B781-BB7F0CB277F6,https://www.gbif.org/species/2473421,Lagopus lagopus,Animalia,Chordata,Aves,Galliformes,Lagopus,lagopus
6EFF4916-235A-49FD-A527-BBD5C3154C1F,2018-01-31T14:51:34Z,HumanObservation,88584BF3-0AE3-4197-B7DC-A044444E7C74,1,Male,Adult,6EFF4916-235A-49FD-A527-BBD5C3154C1F,https://www.gbif.org/species/2473421,Lagopus lagopus,Animalia,Chordata,Aves,Galliformes,Lagopus,lagopus
6EFF4916-235A-49FD-A527-BBD5C3154C1F,2018-01-31T14:51:34Z,HumanObservation,5EB402D3-8170-4589-A29E-AC0361427FB4,1,Female,Adult,6EFF4916-235A-49FD-A527-BBD5C3154C1F,https://www.gbif.org/species/2473421,Lagopus lagopus,Animalia,Chordata,Aves,Galliformes,Lagopus,lagopus
E4B5ED4E-840B-457F-B1ED-C0CC4E31488D,2019-08-08T12:37:21Z,HumanObservation,FBF0B58A-84B7-4D6B-BD7E-BE5058C9C86D,1,Male,Adult,E4B5ED4E-840B-457F-B1ED-C0CC4E31488D,https://www.gbif.org/species/2473421,Lagopus lagopus,Animalia,Chordata,Aves,Galliformes,Lagopus,lagopus
E4B5ED4E-840B-457F-B1ED-C0CC4E31488D,2019-08-08T12:37:21Z,HumanObservation,1A7F3C82-C057-4A15-BBD9-59C78C570DE8,1,Female,Adult,E4B5ED4E-840B-457F-B1ED-C0CC4E31488D,https://www.gbif.org/species/2473421,Lagopus lagopus,Animalia,Chordata,Aves,Galliformes,Lagopus,lagopus
E4B5ED4E-840B-457F-B1ED-C0CC4E31488D,2019-08-08T12:37:21Z,HumanObservation,EB648E17-7586-4ED9-9FDF-27FAFCCC01E2,6,unknown,Juvenile,E4B5ED4E-840B-457F-B1ED-C0CC4E31488D,https://www.gbif.org/species/2473421,Lagopus lagopus,Animalia,Chordata,Aves,Galliformes,Lagopus,lagopus
937F845D-1E44-486B-BD4A-C0D3C09E0A25,2018-01-31T14:51:34Z,HumanObservation,E69BF725-3E1E-4A6E-92A0-DE26411CD072,1,Female,Adult,937F845D-1E44-486B-BD4A-C0D3C09E0A25,https://www.gbif.org/species/2473421,Lagopus lagopus,Animalia,Chordata,Aves,Galliformes,Lagopus,lagopus
2FA9A46E-E1DB-459E-8FB9-C17F2E7707C6,2019-08-08T12:37:21Z,HumanObservation,6BC56B10-4C8F-4D73-BB10-6234B9EE11CA,1,Male,Adult,2FA9A46E-E1DB-459E-8FB9-C17F2E7707C6,https://www.gbif.org/species/2473421,Lagopus lagopus,Animalia,Chordata,Aves,Galliformes,Lagopus,lagopus
2FA9A46E-E1DB-459E-8FB9-C17F2E7707C6,2019-08-08T12:37:21Z,HumanObservation,C4FDCF08-7142-4707-B3FA-D138C9B9D451,1,Female,Adult,2FA9A46E-E1DB-459E-8FB9-C17F2E7707C6,https://www.gbif.org/species/2473421,Lagopus lagopus,Animalia,Chordata,Aves,Galliformes,Lagopus,lagopus
2FA9A46E-E1DB-459E-8FB9-C17F2E7707C6,2019-08-08T12:37:21Z,HumanObservation,F8EE2049-D303-4614-9DB2-E35AC2D6A471,10,unknown,Juvenile,2FA9A46E-E1DB-459E-8FB9-C17F2E7707C6,https://www.gbif.org/species/2473421,Lagopus lagopus,Animalia,Chordata,Aves,Galliformes,Lagopus,lagopus
90F1E416-6B40-41AF-B349-C1A53D66B933,2018-01-31T14:51:34Z,HumanObservation,20D31A2B-AE7C-4F09-9CF6-205969E2CEFA,1,Male,Adult,90F1E416-6B40-41AF-B349-C1A53D66B933,https://www.gbif.org/species/2473421,Lagopus lagopus,Animalia,Chordata,Aves,Galliformes,Lagopus,lagopus
90F1E416-6B40-41AF-B349-C1A53D66B933,2018-02-12T11:43:00Z,HumanObservation,E806505D-9184-45CF-8701-EB20F208A6D0,3,unknown,Juvenile,90F1E416-6B40-41AF-B349-C1A53D66B933,https://www.gbif.org/species/2473421,Lagopus lagopus,Animalia,Chordata,Aves,Galliformes,Lagopus,lagopus
DBB22D74-85E1-4C89-A5A5-C55AA6ACBFFC,2019-08-08T12:37:21Z,HumanObservation,045FA09F-E462-43E8-A4C8-B9147C494B07,1,Female,Adult,DBB22D74-85E1-4C89-A5A5-C55AA6ACBFFC,https://www.gbif.org/species/2473421,Lagopus lagopus,Animalia,Chordata,Aves,Galliformes,Lagopus,lagopus
DBB22D74-85E1-4C89-A5A5-C55AA6ACBFFC,2019-08-08T12:37:21Z,HumanObservation,F82A696B-3AE6-49FB-BD10-DAAAB3B96D5E,4,unknown,Juvenile,DBB22D74-85E1-4C89-A5A5-C55AA6ACBFFC,https://www.gbif.org/species/2473421,Lagopus lagopus,Animalia,Chordata,Aves,Galliformes,Lagopus,lagopus
FE230E66-0D9E-4FD6-94C0-C604B9E1ABAC,2018-01-31T14:51:34Z,HumanObservation,B59E52DA-0B09-40BC-BA7F-EC669E10A8B0,1,Female,Adult,FE230E66-0D9E-4FD6-94C0-C604B9E1ABAC,https://www.gbif.org/species/2473421,Lagopus lagopus,Animalia,Chordata,Aves,Galliformes,Lagopus,lagopus
FE230E66-0D9E-4FD6-94C0-C604B9E1ABAC,2018-02-12T11:43:00Z,HumanObservation,FE2E7AE9-49AB-49B2-9DBA-A4DF9315F75D,14,unknown,Juvenile,FE230E66-0D9E-4FD6-94C0-C604B9E1ABAC,https://www.gbif.org/species/2473421,Lagopus lagopus,Animalia,Chordata,Aves,Galliformes,Lagopus,lagopus
65CF1480-5243-494F-BD19-CB419E3A6F0E,2019-08-08T12:37:21Z,HumanObservation,80CDA460-AC6D-4BFD-8DDE-998CE8B9415E,1,Male,Adult,65CF1480-5243-494F-BD19-CB419E3A6F0E,https://www.gbif.org/species/2473421,Lagopus lagopus,Animalia,Chordata,Aves,Galliformes,Lagopus,lagopus
65CF1480-5243-494F-BD19-CB419E3A6F0E,2019-08-08T12:37:21Z,HumanObservation,93D738B6-47FC-4DEC-8A2B-9A750382EBA1,1,Female,Adult,65CF1480-5243-494F-BD19-CB419E3A6F0E,https://www.gbif.org/species/2473421,Lagopus lagopus,Animalia,Chordata,Aves,Galliformes,Lagopus,lagopus
65CF1480-5243-494F-BD19-CB419E3A6F0E,2019-08-08T12:37:21Z,HumanObservation,D362E03A-E755-4F0E-9757-0435D7708323,3,unknown,Juvenile,65CF1480-5243-494F-BD19-CB419E3A6F0E,https://www.gbif.org/species/2473421,Lagopus lagopus,Animalia,Chordata,Aves,Galliformes,Lagopus,lagopus
6425E290-E46C-476B-9E1D-CD40E6DAEB9E,2018-01-31T14:51:34Z,HumanObservation,967DCCCB-D7EF-45AA-A549-1749980C38B1,1,Male,Adult,6425E290-E46C-476B-9E1D-CD40E6DAEB9E,https://www.gbif.org/species/2473421,Lagopus lagopus,Animalia,Chordata,Aves,Galliformes,Lagopus,lagopus
6425E290-E46C-476B-9E1D-CD40E6DAEB9E,2018-02-12T11:43:00Z,HumanObservation,5630C327-FB3D-4F83-B8B9-AA31DBF995BA,5,unknown,Juvenile,6425E290-E46C-476B-9E1D-CD40E6DAEB9E,https://www.gbif.org/species/2473421,Lagopus lagopus,Animalia,Chordata,Aves,Galliformes,Lagopus,lagopus
761886BC-471C-4482-BBD1-D01D7691FCF8,2018-01-31T14:51:34Z,HumanObservation,F234CBF7-3212-4CE3-85FE-4DF02FC4C8B0,1,Male,Adult,761886BC-471C-4482-BBD1-D01D7691FCF8,https://www.gbif.org/species/2473421,Lagopus lagopus,Animalia,Chordata,Aves,Galliformes,Lagopus,lagopus
761886BC-471C-4482-BBD1-D01D7691FCF8,2018-01-31T14:51:34Z,HumanObservation,A8B32B07-3E2C-4A92-AE3A-37BC3C5E953F,1,Female,Adult,761886BC-471C-4482-BBD1-D01D7691FCF8,https://www.gbif.org/species/2473421,Lagopus lagopus,Animalia,Chordata,Aves,Galliformes,Lagopus,lagopus
761886BC-471C-4482-BBD1-D01D7691FCF8,2018-02-12T11:43:00Z,HumanObservation,D5105030-6594-416F-98A3-FE2BF3607DAF,8,unknown,Juvenile,761886BC-471C-4482-BBD1-D01D7691FCF8,https://www.gbif.org/species/2473421,Lagopus lagopus,Animalia,Chordata,Aves,Galliformes,Lagopus,lagopus
0FCD4C6C-CEFA-40A4-99A0-D189D2B0F6C9,2019-08-08T12:37:21Z,HumanObservation,C91C2F12-0888-4BF3-B9C9-D77AE4A3585A,1,Female,Adult,0FCD4C6C-CEFA-40A4-99A0-D189D2B0F6C9,https://www.gbif.org/species/2473421,Lagopus lagopus,Animalia,Chordata,Aves,Galliformes,Lagopus,lagopus
819B98CB-421D-48A1-BDAC-D1DE07A8E778,2018-01-31T14:51:34Z,HumanObservation,ED7B9A94-25E4-4819-9A07-C2C81628AD9F,1,Male,Adult,819B98CB-421D-48A1-BDAC-D1DE07A8E778,https://www.gbif.org/species/2473421,Lagopus lagopus,Animalia,Chordata,Aves,Galliformes,Lagopus,lagopus
819B98CB-421D-48A1-BDAC-D1DE07A8E778,2018-01-31T14:51:34Z,HumanObservation,43E5DB39-D0D5-402A-9EB6-5629EF4ED057,1,Female,Adult,819B98CB-421D-48A1-BDAC-D1DE07A8E778,https://www.gbif.org/species/2473421,Lagopus lagopus,Animalia,Chordata,Aves,Galliformes,Lagopus,lagopus
819B98CB-421D-48A1-BDAC-D1DE07A8E778,2018-02-12T11:43:00Z,HumanObservation,2480AD6D-859A-4353-A1CA-271ED0AFA270,7,unknown,Juvenile,819B98CB-421D-48A1-BDAC-D1DE07A8E778,https://www.gbif.org/species/2473421,Lagopus lagopus,Animalia,Chordata,Aves,Galliformes,Lagopus,lagopus
99178DBD-079E-4836-8031-D6312AB06665,2018-01-31T14:51:34Z,HumanObservation,468A5705-A88A-4943-9902-D13BAF843195,1,Male,Adult,99178DBD-079E-4836-8031-D6312AB06665,https://www.gbif.org/species/2473421,Lagopus lagopus,Animalia,Chordata,Aves,Galliformes,Lagopus,lagopus
99178DBD-079E-4836-8031-D6312AB06665,2018-01-31T14:51:34Z,HumanObservation,C581A695-6E97-477A-B311-79E66CDA889D,1,Female,Adult,99178DBD-079E-4836-8031-D6312AB06665,https://www.gbif.org/species/2473421,Lagopus lagopus,Animalia,Chordata,Aves,Galliformes,Lagopus,lagopus
99178DBD-079E-4836-8031-D6312AB06665,2018-02-12T11:43:00Z,HumanObservation,A00ED905-AE4D-4B31-85DF-130F4C6C3952,10,unknown,Juvenile,99178DBD-079E-4836-8031-D6312AB06665,https://www.gbif.org/species/2473421,Lagopus lagopus,Animalia,Chordata,Aves,Galliformes,Lagopus,lagopus
B0052208-61B5-4B53-A1C4-DDB325E26E11,2019-08-08T12:37:21Z,HumanObservation,967D00A2-F6B2-4A0D-B214-F48D5E1844ED,1,Male,Adult,B0052208-61B5-4B53-A1C4-DDB325E26E11,https://www.gbif.org/species/2473421,Lagopus lagopus,Animalia,Chordata,Aves,Galliformes,Lagopus,lagopus
B0052208-61B5-4B53-A1C4-DDB325E26E11,2019-08-08T12:37:21Z,HumanObservation,D32D9987-E0A9-4B55-B210-90874302FA43,1,Female,Adult,B0052208-61B5-4B53-A1C4-DDB325E26E11,https://www.gbif.org/species/2473421,Lagopus lagopus,Animalia,Chordata,Aves,Galliformes,Lagopus,lagopus
B0052208-61B5-4B53-A1C4-DDB325E26E11,2019-08-08T12:37:21Z,HumanObservation,D94F4B24-430D-4341-85D8-F3672834B246,12,unknown,Juvenile,B0052208-61B5-4B53-A1C4-DDB325E26E11,https://www.gbif.org/species/2473421,Lagopus lagopus,Animalia,Chordata,Aves,Galliformes,Lagopus,lagopus
9764029F-6163-4E60-94A7-DF7A0E439300,2018-01-31T14:51:34Z,HumanObservation,6B5C45FA-FDEA-4FC1-A91C-67EBAD045298,1,Male,Adult,9764029F-6163-4E60-94A7-DF7A0E439300,https://www.gbif.org/species/2473421,Lagopus lagopus,Animalia,Chordata,Aves,Galliformes,Lagopus,lagopus
9764029F-6163-4E60-94A7-DF7A0E439300,2018-01-31T14:51:34Z,HumanObservation,185EAB66-278D-4239-B6CF-34DC52B5C804,3,Female,Adult,9764029F-6163-4E60-94A7-DF7A0E439300,https://www.gbif.org/species/2473421,Lagopus lagopus,Animalia,Chordata,Aves,Galliformes,Lagopus,lagopus
9764029F-6163-4E60-94A7-DF7A0E439300,2018-02-12T11:43:00Z,HumanObservation,C066BB5D-9231-4E8E-A911-3A0A6B81E325,3,unknown,Juvenile,9764029F-6163-4E60-94A7-DF7A0E439300,https://www.gbif.org/species/2473421,Lagopus lagopus,Animalia,Chordata,Aves,Galliformes,Lagopus,lagopus
9CDB7960-D1F2-4D88-8996-E4B777EC941C,2019-08-08T12:37:21Z,HumanObservation,C1F4958F-1125-449E-931D-9B348E6BDA4F,1,Female,Adult,9CDB7960-D1F2-4D88-8996-E4B777EC941C,https://www.gbif.org/species/2473421,Lagopus lagopus,Animalia,Chordata,Aves,Galliformes,Lagopus,lagopus
9CDB7960-D1F2-4D88-8996-E4B777EC941C,2019-08-08T12:37:21Z,HumanObservation,6D6F77BE-82FA-4120-AE7D-E1A386BD10DA,9,unknown,Juvenile,9CDB7960-D1F2-4D88-8996-E4B777EC941C,https://www.gbif.org/species/2473421,Lagopus lagopus,Animalia,Chordata,Aves,Galliformes,Lagopus,lagopus
909A41A4-0EA4-43CE-89C5-E5E87934155C,2019-08-08T12:37:21Z,HumanObservation,BD9B0437-1E74-42C3-B958-49DFC3AE6038,1,Male,Adult,909A41A4-0EA4-43CE-89C5-E5E87934155C,https://www.gbif.org/species/2473421,Lagopus lagopus,Animalia,Chordata,Aves,Galliformes,Lagopus,lagopus
909A41A4-0EA4-43CE-89C5-E5E87934155C,2019-08-08T12:37:21Z,HumanObservation,9F9E133E-070E-40C0-ABAA-CD85CCEDEA3E,1,Female,Adult,909A41A4-0EA4-43CE-89C5-E5E87934155C,https://www.gbif.org/species/2473421,Lagopus lagopus,Animalia,Chordata,Aves,Galliformes,Lagopus,lagopus
B82A7A7E-9126-47DD-8D97-E9A5A78C125F,2018-01-31T14:51:34Z,HumanObservation,934D648A-CCFC-4685-BF41-33FE42571DAB,1,Male,Adult,B82A7A7E-9126-47DD-8D97-E9A5A78C125F,https://www.gbif.org/species/2473421,Lagopus lagopus,Animalia,Chordata,Aves,Galliformes,Lagopus,lagopus
B82A7A7E-9126-47DD-8D97-E9A5A78C125F,2018-01-31T14:51:34Z,HumanObservation,9A024631-376B-4780-BF5C-B57226C6652F,1,Female,Adult,B82A7A7E-9126-47DD-8D97-E9A5A78C125F,https://www.gbif.org/species/2473421,Lagopus lagopus,Animalia,Chordata,Aves,Galliformes,Lagopus,lagopus
B82A7A7E-9126-47DD-8D97-E9A5A78C125F,2018-02-12T11:43:00Z,HumanObservation,DEFE499F-FD11-4C7F-957A-2A01FDB2D45F,1,unknown,Juvenile,B82A7A7E-9126-47DD-8D97-E9A5A78C125F,https://www.gbif.org/species/2473421,Lagopus lagopus,Animalia,Chordata,Aves,Galliformes,Lagopus,lagopus
44ED7B97-2F94-4F32-9FBA-F36676203B6E,2018-01-31T14:51:34Z,HumanObservation,FC36CC9B-9AE9-4116-9F4C-D872F4B3228A,1,Female,Adult,44ED7B97-2F94-4F32-9FBA-F36676203B6E,https://www.gbif.org/species/2473421,Lagopus lagopus,Animalia,Chordata,Aves,Galliformes,Lagopus,lagopus
44ED7B97-2F94-4F32-9FBA-F36676203B6E,2018-02-12T11:43:00Z,HumanObservation,386C26C2-F716-4D14-A258-76FDC60F7DA6,12,unknown,Juvenile,44ED7B97-2F94-4F32-9FBA-F36676203B6E,https://www.gbif.org/species/2473421,Lagopus lagopus,Animalia,Chordata,Aves,Galliformes,Lagopus,lagopus
DFEE4147-844C-41FE-9DAA-F644E5D31104,2019-08-08T12:37:21Z,HumanObservation,61186270-B1A9-41EF-ACF6-59C2522B56E9,1,Male,Adult,DFEE4147-844C-41FE-9DAA-F644E5D31104,https://www.gbif.org/species/2473421,Lagopus lagopus,Animalia,Chordata,Aves,Galliformes,Lagopus,lagopus
DFEE4147-844C-41FE-9DAA-F644E5D31104,2019-08-08T12:37:21Z,HumanObservation,C7D3B177-CAA2-4CD3-A0C3-5E2A6F768AE4,1,Female,Adult,DFEE4147-844C-41FE-9DAA-F644E5D31104,https://www.gbif.org/species/2473421,Lagopus lagopus,Animalia,Chordata,Aves,Galliformes,Lagopus,lagopus
729C1D98-57C8-4165-AB66-F6C4AA287538,2018-01-31T14:51:34Z,HumanObservation,35CA13E0-A181-4D03-A6E8-2BD674C8646A,1,Male,Adult,729C1D98-57C8-4165-AB66-F6C4AA287538,https://www.gbif.org/species/2473421,Lagopus lagopus,Animalia,Chordata,Aves,Galliformes,Lagopus,lagopus
826211F3-1EF0-4536-85C3-F94B87D41CCB,2018-01-31T14:51:34Z,HumanObservation,21297E25-20B2-40E3-9B30-736A65666550,1,Male,Adult,826211F3-1EF0-4536-85C3-F94B87D41CCB,https://www.gbif.org/species/2473421,Lagopus lagopus,Animalia,Chordata,Aves,Galliformes,Lagopus,lagopus
826211F3-1EF0-4536-85C3-F94B87D41CCB,2018-02-12T11:43:00Z,HumanObservation,EB0AC62E-449F-42BE-A4E5-259353091C39,4,unknown,Juvenile,826211F3-1EF0-4536-85C3-F94B87D41CCB,https://www.gbif.org/species/2473421,Lagopus lagopus,Animalia,Chordata,Aves,Galliformes,Lagopus,lagopus
C0DCBD16-80D0-4416-A32C-F9A1007A9E05,2019-08-08T12:37:21Z,HumanObservation,9C607ADA-6E89-4B44-8670-3FF716EF880B,1,unknown,Juvenile,C0DCBD16-80D0-4416-A32C-F9A1007A9E05,https://www.gbif.org/species/2473421,Lagopus lagopus,Animalia,Chordata,Aves,Galliformes,Lagopus,lagopus
